defined_class	defined_class_name	new_entity	new_entity_label	parent_entity	parent_entity_label	defined_class_definition	def_dbxref	dbxref	exact_syn	depicted_by	image_comment	part_of	part_of_label	develops_from	develops_from_label	existence_starts_during_or_after	existence_starts_during_or_after_label	existence_overlaps	existence_overlaps_label	existence_ends_during_or_before	existence_ends_during_or_before_label	contained_in	contained_in_label	specific_to	specific_to_label	participates_in	participates_in_label
PLANA:0002000	adenal rhabdite	PLANA:0002000	adenal rhabdite	PLANA:0000104	rhabdite	Rhabdites that are located basally to the epidermis, in the mesenchyme. In Smed these are present in cells likely on their way to becoming part of the mature epidermis.	ISBN:9780070316607	ISBN:9780070316607										PLANA:0004503 | PLANA:0004504 | PLANA:0000214	sexually mature adult | asexual adult | juvenile			PLANA:0007554	parenchymal compartment				
PLANA:0002001	adherens junction	PLANA:0002001	adherens junction	PLANA:0000506	cell junction	A cell junction at which anchoring proteins (cadherins or integrins) extend through the plasma membrane and are attached to actin filaments.		GO:0005912|PMID:26556349				PLANA:0000508	cell-cell adhesion					PLANA:0004503 | PLANA:0004504 | PLANA:0000214	sexually mature adult | asexual adult | juvenile								
PLANA:0002002	adhesive papilla	PLANA:0002002	adhesive papilla	PLANA:0000501	cell projection	Finger-like processes at the terminal pore of adhesive gland cells around the marginal adhesive zone. They protrude past the epidermis and are longer microvilli, and shorter than cilia.	ISBN:9780070316607	ISBN:9780070316607	adhesive papillae			PLANA:0007540 | PLANA:0007541	viscid gland cell | releasing gland cell 					PLANA:0004503 | PLANA:0004504 | PLANA:0000214	sexually mature adult | asexual adult | juvenile			PLANA:0000043 | PLANA:0002054	dorsal ventral margin | marginal adhesive zone				
PLANA:0002003	amputation	PLANA:0002003	amputation	PLANA:0002026	cut	A wound resulting in two or more separate tissue fragments.																					
PLANA:0002004	anterior gut branch	PLANA:0002004	anterior gut branch	PLANA:0000037	definitive tissue	A branch of the triclad gut located anterior to the definitive pharynx.	PMID:21664348	PMID:18063757|PMID:18287199|PMID:19174194|PMID:20707997|PMID:21458439|PMID:21806978|PMID:22451003|PMID:22479207|PMID:23318635|PMID:24063805|PMID:28287248|PMID:30194301	anterior branch|anterior intestinal branch			PLANA:0000026	definitive gut			PLANA:0000007	Stage 7	PLANA:0000007 | PLANA:0000008 | PLANA:0000214 | PLANA:0004503 | PLANA:0004504	Stage 7 | Stage 8 | juvenile | sexually mature adult | asexual adult			PLANA:0007506 | PLANA:0007504 | PLANA:0007560 | PLANA:0000419 | PLANA:0007505 | PLANA:0000418	anterior compartment | dorsal compartment | gastrovascular compartment | prepharyngeal region | ventral region | head				
PLANA:0002005	anterior tip	PLANA:0002005	anterior tip	PLANA:0000109	anatomical compartment subdivision feature	The anterior-medial region of the head margin.	PMID:22479207	PMID:15866156|PMID:18063755|PMID:24415944|PMID:24992682|PMID:27063937|PMID:28126842|PMID:28216315|PMID:29547123|PMID:30962434	head tip									PLANA:0000214 | PLANA:0004503 | PLANA:0004504	juvenile | sexually mature adult | asexual adult			PLANA:0007506  | PLANA:0000418 	anterior compartment | head				
PLANA:0002006	antrum	PLANA:0002006	antrum	UBERON:0002553	anatomical cavity	A chamber formation in an organ.		ISBN:9780070316607|NCIT:C97102																			
PLANA:0002007	auricle	PLANA:0002007	auricle	PLANA:0000431	organ	A sense organ located along the dorsolateral head margin. The auricular groove is highly innervtated by ciliated sensory neurons, and has an altered epidermis devoid of rhabdites and gland cells.	ISBN:9780070316607	ISBN:9780070316607|PMID:27800171|PMID:28495872|PMID:30399335|PMID:30485821				PLANA:0000125 | PLANA:0000080	sensory system | peripheral nervous system 					PLANA:0000214 | PLANA:0004503 | PLANA:0004504	juvenile | sexually mature adult | asexual adult			PLANA:0007506  | PLANA:0000418 	anterior compartment | head				
PLANA:0002008	axon	PLANA:0002008	axon	PLANA:0000501	cell projection	The long process of a neuron that conducts nerve impulses, usually away from the cell body to the terminals and varicosities, which are sites of storage and release of neurotransmitter.		GO:0030424|PMID:16033796|PMID:17251262|PMID:17553481|PMID:18202849|PMID:20707997|PMID:21566185|PMID:22445864|PMID:23318641|PMID:23903188|PMID:25254346|PMID:25356635|PMID:25493551|PMID:25772472|PMID:27800171|PMID:28495872	nerve fiber			PLANA:0000099	neuron											PLANA:0000099	neuron		
PLANA:0002009	axoneme	PLANA:0002009	axoneme	PLANA:0000519	intracellular non-membrane-bounded organelle	The bundle of microtubules and associated proteins that forms the core of cilia (also called flagella) in eukaryotic cells and is responsible for their movements.		GO:0005930|PMID:23144623|PMID:26057828|PMID:26912790				PLANA:0002024 | PLANA:0002040	cilium | flagellum														
PLANA:0002010	basal body	PLANA:0002010	basal body	PLANA:0000519	intracellular non-membrane-bounded organelle	A membrane-tethered, short cylindrical array of microtubules and associated proteins found at the base of a eukaryotic cilium (also called flagellum) that is similar in structure to a centriole and derives from it. The cilium basal body is the site of assembly and remodelling of the cilium and serves as a nucleation site for axoneme growth. As well as anchoring the cilium, it is thought to provide a selective gateway regulating the entry of ciliary proteins and vesicles by intraflagellar transport.		GO:0036064|ISBN:9780070316607|PMID:21282632|PMID:21828097|PMID:21937596				PLANA:0002024 | PLANA:0002040	cilium | flagellum														
PLANA:0002011	brain visual center	PLANA:0002011	brain visual center	PLANA:0000037	definitive tissue	The cephalic ganglion region innervated by the optic nerve (posterior-projecting photoreceptor neuron fasiculated axons).	PMID:16033796	PMID:16033796|PMID:26618653	visual center			PLANA:0000044	cephalic ganglia					PLANA:0000214 | PLANA:0004503 | PLANA:0004504	juvenile | sexually mature adult | asexual adult			PLANA:0007506  | PLANA:0000418 | PLANA:0007505	anterior compartment | head | ventral compartment				
PLANA:0002012	bulbar cavity	PLANA:0002012	bulbar cavity	UBERON:0002553	anatomical cavity	An enlarged portion of the seminal vesicle, comprised of secretory epithelial cells, that connects to the ejaculatory duct within the penis papilla.	ISBN:9780070316607	ISBN:9780070316607|https://doi.org/10.1101/279364				PLANA:0000234	seminal vesicle					PLANA:0000214 | PLANA:0004503 | PLANA:0004504	juvenile | sexually mature adult | asexual adult			PLANA:0004527 | PLANA:0000142	copulatory region | posterior compartment of whole animal	PLANA:0000027	Smed sexual biotype		
PLANA:0002013	Category 1 cell	PLANA:0002013	Category 1 cell	PLANA:0003116	parencymal compartment cell	Irradiation-sensitive, mesenchymal cells that are absent from the head region anterior to the eyes and the pharynx. The Category 1 designation encompasses the neoblast population.	PMID:18786419	PMID:18786419|PMID:21894189|PMID:22439894	Category 1 gene expressing cell									PLANA:0000214 | PLANA:0004503 | PLANA:0004504	juvenile | sexually mature adult | asexual adult			PLANA:0007554	parenchymal compartment				
PLANA:0002014	cell body	PLANA:0002014	cell body	GO:0005575	cellular component	The portion of a cell bearing surface projections such as axons, dendrites, cilia, or flagella that includes the nucleus, but excludes all cell projections.		GO:0044297|PMID:15866156|PMID:16033796|PMID:20865784|PMID:27612384|PMID:28495872																			
PLANA:0002015	cephalic ganglia lobe	PLANA:0002015	cephalic ganglia lobe	PLANA:0000037	definitive tissue	One of two bilaterally symmetric structures comprising the planarian brain.	PMID:17999079	ISBN:9780070316607|PMID:15866156|PMID:16033796|PMID:16890156|PMID:17251262|PMID:17553481|PMID:17670787|PMID:17905225|PMID:18063757|PMID:18202849|PMID:18287199|PMID:19211673|PMID:19247960|PMID:19766622|PMID:19852954|PMID:20223763|PMID:20422023|PMID:20707997|PMID:20967238|PMID:21179478|PMID:21282632|PMID:21566185|PMID:21806978|PMID:21828097|PMID:21852957|PMID:22074376|PMID:22125640|PMID:22318224|PMID:22371573|PMID:22427692|PMID:22439894|PMID:22445864|PMID:22451003|PMID:22479207|PMID:22884275|PMID:23123964|PMID:23250205|PMID:23297191|PMID:23318635|PMID:23652002|PMID:23903188|PMID:24040508|PMID:24063805|PMID:24120894|PMID:24131630|PMID:24173799|PMID:24238224|PMID:24523458|PMID:24704339|PMID:24950970|PMID:24992682|PMID:25017721|PMID:25254346|PMID:25356635|PMID:25493551|PMID:25558068|PMID:25772472|PMID:26062938|PMID:26114597|PMID:26457503|PMID:26525673|PMID:26556349|PMID:26618653|PMID:27013241|PMID:27034770|PMID:27063937|PMID:27074666|PMID:27149082|PMID:27150006|PMID:27163480|PMID:27523733|PMID:27606067|PMID:27612382|PMID:27612384|PMID:27800171|PMID:27864883|PMID:28126842|PMID:28137894|PMID:28171748|PMID:28245923|PMID:28287248|PMID:28434803|PMID:28686611|PMID:28807897|PMID:28893948|PMID:29100657|PMID:29158443|PMID:29291974|PMID:29291981|PMID:29357350|PMID:29547123|PMID:29557542|PMID:29674431|PMID:29674432|PMID:30143032|PMID:30194301|PMID:30282036|PMID:30383829|PMID:30399335|PMID:30485821|PMID:30729158	bi-lobed brain|bi-lobed cephalic ganglia|brain|brain ganglia|brain lobe			PLANA:0000044	cephalic ganglia			PLANA:0000006	Stage 6	PLANA:0000006 | PLANA:0000007 | PLANA:0000008 | PLANA:0000214 | PLANA:0004503 | PLANA:0004504	Stage 6 | Stage 7 | Stage 8 | juvenile | sexually mature adult | asexual adult			PLANA:0007506  | PLANA:0000418 | PLANA:0007505	anterior compartment | head | ventral compartment				
PLANA:0002016	cephalic ganglia neuron	PLANA:0002016	cephalic ganglia neuron	PLANA:0000562	central nervous system neuron	A central nervous system neuron located within the planarian brain.	PMID:17999079	PMID:24173799|PMID:27612382	brain neuron			PLANA:0000044	cephalic ganglia									PLANA:0007506  | PLANA:0000418 | PLANA:0007505	anterior compartment | head | ventral compartment				
PLANA:0002017	chemical amputation	PLANA:0002017	chemical amputation	PLANA:0002108	wound	Amputation carried out by application of chemicals.	PMID:24737865																				
PLANA:0002018	chemical pharynx amputation	PLANA:0002018	chemical pharynx amputation	PLANA:0002017	chemical amputation	Amputation of the phaynx, including the esophagus, by treatment with Sodium Azide.	PMID:24737865		chemical pharyngeal amputation																		
PLANA:0002019	chemosensory neuron	PLANA:0002019	chemosensory neuron	PLANA:0000552	sensory neuron	Any neuron that capable of some detection of chemical stimulus involved in sensory perception.		FBbt:00005922|PMID:18202849|PMID:26525673|PMID:27612382|PMID:28126842|PMID:28686611|PMID:29547123	chemoreceptive neuron|chemoreceptor neuron			PLANA:0000125 | PLANA:0000080	sensory system | peripheral nervous system 														
PLANA:0002020	chromatoid body	PLANA:0002020	chromatoid body	PLANA:0000531	non-membrane-bounded organelle	A membrane-less, cytoplasmic ribonucleoprotein granule present in neoblasts and germ cells implicated in post-transcriptional regulation. The RNA helicase DHH1/RCK, Tudor, SmB, methylated substrates of PRMT5, PIWI-3 and Germinal Histone H4 localize to chromatoid bodies in neoblasts.	PMID:22318224|PMID:24903754	PMID:19247960|PMID:20215344|PMID:21356107|PMID:22318224|PMID:22385657|PMID:22439894|PMID:22543868|PMID:24120894|PMID:24367277|PMID:24903754|PMID:25017721|PMID:27523733	nuage			PLANA:0000429 | PLANA:0004517	neoblast compartment | blastomere					PLANA:0000003 | PLANA:0000004 | PLANA:0000005 | PLANA:0000006 | PLANA:0000007 | PLANA:0000008 | PLANA:0000214 | PLANA:0004503 | PLANA:0004504	Stage 3 | Stage 4 | Stage 5 | Stage 6 | Stage 7 | Stage 8 | juvenile | sexually mature adult | asexual adult			PLANA:0000041 | PLANA:0000060 | PLANA:0000076 | PLANA:0000420 | PLANA:0000419 | PLANA:0000418 | PLANA:0000421 | PLANA:0007554 | PLANA:0004527 | PLANA:0007506 | PLANA:0000142 | PLANA:0007504 | PLANA:0007505	aboral hemisphere | embryonic wall | oral hemisphere | parapharyngeal region | prepharyngeal region | head | tail | parenchymal compartment | copulatory region | anterior compartment | posterior compartment of whole animal | dorsal compartment | ventral compartment 	PLANA:0000429 | PLANA:0004517	neoblast compartment | blastomere		
PLANA:0002021	chromosome	PLANA:0002021	chromosome	PLANA:0000531	non-membrane-bounded organelle	A structure composed of a very long molecule of DNA and associated proteins (e.g. histones) that carries hereditary information.		GO:0005694|PMID:25404302|PMID:28757112|PMID:28812561|PMID:29364871|PMID:30143032				PLANA:0000529	nucleus														
PLANA:0002021	chromosome	PLANA:0002021	chromosome	PLANA:0000532	nuclear part 	A structure composed of a very long molecule of DNA and associated proteins (e.g. histones) that carries hereditary information.		GO:0005694|PMID:25404302|PMID:28757112|PMID:28812561|PMID:29364871|PMID:30143032				PLANA:0000529	nucleus														
PLANA:0002022	chromosome arm	PLANA:0002022	chromosome arm	PLANA:0000532	nuclear part 	Under the microscope chromosomes appear as thin, thread-like structures. They all have a short arm and long arm separated by a primary constriction called the centromere. The short arm is designated as p and the long arm as q.		NCIT:C13355|PMID:25404302				PLANA:0002021	chromosome														
PLANA:0002023	ciliated epithelium	PLANA:0002023	ciliated epithelium	PLANA:0000037	definitive tissue	Epithelium bearing vibratile cilia on the free surface.		PMID:26457503|PMID:26711341|PMID:28216315|PMID:28292427|UBERON:0007601																			
PLANA:0002023	ciliated epithelium	PLANA:0002023	ciliated epithelium	PLANA:0002118	epithelium	Epithelium bearing vibratile cilia on the free surface.		PMID:26457503|PMID:26711341|PMID:28216315|PMID:28292427|UBERON:0007601																			
PLANA:0002024	cilium	PLANA:0002024	cilium	PLANA:0000501	cell projection	 A specialized eukaryotic organelle that consists of a filiform extrusion of the cell surface and of some cytoplasmic parts. Each cilium is largely bounded by an extrusion of the cytoplasmic (plasma) membrane, and contains a regular longitudinal array of microtubules, anchored to a basal body. The longitudinal array of microtubules are almost always in a 9+2 array with 2 microtubles in the central cilia bundle and 9 sets of doublet microtubules around the perimeter. The exception to this arrangement is spermatazoa flagella, which have a 9+1 array in planarians. 		GO:0005929				PLANA:0000106	ciliated epithelial cell														
PLANA:0002025	commissure	PLANA:0002025	commissure	PLANA:0000501	cell projection	A bundle of nerve fibers crossing from one side to the other side of the brain or spinal cord.		NCIT:C32349				PLANA:0000103	central nervous system														
PLANA:0002025	commissure	PLANA:0002025	commissure	PLANA:0000037	defintive tissue 	A bundle of nerve fibers crossing from one side to the other side of the brain or spinal cord.		NCIT:C32349				PLANA:0000103	central nervous system														
PLANA:0002026	cut	PLANA:0002026	cut	PLANA:0002099	surgical wound	A wound or cleft resulted from tissue separation into parts or laid open or penetrated with a sharp edge or instrument.		NCIT:C50518																			
PLANA:0002027	dendrite	PLANA:0002027	dendrite	PLANA:0000501	cell projection	A neuron projection that has a short, tapering, morphology. Dendrites receive and integrate signals from other neurons or from sensory stimuli, and conduct nerve impulses towards the axon or the cell body. In most neurons, the impulse is conveyed from dendrites to axon via the cell body, but in some types of unipolar neuron, the impulse does not travel via the cell body.		GO:0030425|PMID:16033796|PMID:17553481|PMID:22445864|PMID:25493551|PMID:28495872	cell dendrite|dendritic process|dendritic projection			PLANA:0000099	neuron											PLANA:0000099	neuron		
PLANA:0002028	dorsal-ventral muscle cell	PLANA:0002028	dorsal-ventral muscle cell	PLANA:0000101	muscle cell 	A muscle cell that runs in the transverse plane that connects the dorsal and ventral sides of the animal.	PMID:30962434	PMID:30471994|PMID:30962434	DVM| dorsoventral  muscle fibers| dorsoventral muscle | dorsal-ventral muscle | dorsal-ventral muscle fibers			PLANA:0000079	parenchymal musculature					PLANA:0000214 | PLANA:0004503 | PLANA:0004504	juvenile | sexually mature adult | asexual adult			PLANA:0000420 | PLANA:0000419 | PLANA:0000418 | PLANA:0000421 | PLANA:0007554 | PLANA:0004527 | PLANA:0007506 | PLANA:0000142 | PLANA:0007504 | PLANA:0007505	parapharyngeal region | prepharyngeal region | head | tail | parenchymal compartment | copulatory region | anterior compartment | posterior compartment of whole animal | dorsal compartment | ventral compartment 				
PLANA:0002029	early female germ cell	PLANA:0002029	early female germ cell	PLANA:0000229	female germ cell	A premeiotic female germ cell (i.e., a diploid female germline stem cell or transit amplifying oogonial cell). 						PLANA:0000204	ovary			PLANA:0000214	juvenile	PLANA:0000214 | PLANA:0004503	juvenile | sexually mature adult 			PLANA:0007506 | PLANA:0000419 | PLANA:0007505 | PLANA:0007554	anterior compartment | prepharyngeal region | ventral compartment |parenchymal compartment				
PLANA:0002030	early male germ cell	PLANA:0002030	early male germ cell	PLANA:0000228	male germ cell	A premeiotic male germ cell (i.e., a spermatogonial stem cell or transit amplifying spermatogonial cell).	PMID:27330085	PMID:27330085				PLANA:0000208	testes			PLANA:0000214	juvenile	PLANA:0000214 | PLANA:0004503	juvenile | sexually mature adult 			PLANA:0007506 | PLANA:0000419 | PLANA:0004527 | PLANA:0007504 | PLANA:0000420 | PLANA:0000142 | PLANA:0000421	anterior compartment | prepharyngeal region | copulatory region | dorsal compartment | parapharyngeal region | posterior compartment of whole animal | tail				
PLANA:0002031	embryonic gut	PLANA:0002031	embryonic gut	PLANA:0000063	extraembryonic structure	A cryptic digestive cavity comprised of phagocytic embryonic gut cells.	PMID:28072387	PMID:28072387				PLANA:0000058	embryonic digestive system			PLANA:0000004	Stage 4	PLANA:0000004 | PLANA:0000005 | PLANA:0000006 	Stage 4 | Stage 5 | Stage 6	PLANA:0000006	Stage 6	PLANA:0000041 | PLANA:0000076 	aboral hemisphere | oral hemisphere	PLANA:0000027 | PLANA:0000116	Smed sexual biotype | embryo		
PLANA:0002032	epidermal cell	PLANA:0002032	epidermal cell	PLANA:0000100	epithelial cell	An epithelial cell of the integument (the outer layer of an organism).		CL:0000362|PMID:21458439|PMID:24922054|PMID:25017721|PMID:26457503|PMID:28292427|PMID:28686611|PMID:28807897|PMID:29100657|PMID:29357350|PMID:30399335				PLANA:0000034	definitive epidermis					PLANA:0000214 | PLANA:0004503 | PLANA:0004504	juvenile | sexually mature adult | asexual adult			PLANA:0007545	epidermal compartment				
PLANA:0002033	epidermal rhabdite	PLANA:0002033	epidermal rhabdite	PLANA:0000104	rhabdite	Rhabdites located within epidermal cells.	ISBN:9780070316607	ISBN:9780070316607										PLANA:0004503 | PLANA:0004504 | PLANA:0000214	sexually mature adult | asexual adult | juvenile			PLANA:0007545	epidermal compartment				
PLANA:0002034	ER membrane	PLANA:0002034	ER membrane	PLANA:0000521	bounding membrane of organelle	The lipid bilayer surrounding the endoplasmic reticulum.		GO:0005789				PLANA:0007513	endoplasmic reticulum														
PLANA:0002035	eumelanin	PLANA:0002035	eumelanin	GO:0005575	cellular component	The black pigment that gives non-neuronal pigment cells of the optic cup their characteristic color.	PMID:15760337|PMID:26017970|PMID:8812261	CHEBI:24009|PMID:25356635|PMID:26017970|PMID:27240733	eye cell pigment|eye pigment			PLANA:0002058	melanosome														
PLANA:0002036	excretory cell	PLANA:0002036	excretory cell	PLANA:0000119	terminally differentiated cell	A cell involved in the elimination of metabolic and foreign toxins, and in maintaining the ionic, acid-base and water balance of biological fluids.		CL:0000424|PMID:21566185|PMID:24173799				PLANA:0000088	renal system					PLANA:0004503 | PLANA:0004504 | PLANA:0000214	sexually mature adult | asexual adult | juvenile								
PLANA:0002037	extracellular matrix	PLANA:0002037	extracellular matrix	UBERON:0000476	acellular anatomical structure	A structure lying external to one or more cells, which provides structural support, biochemical or biomechanical cues for cells or tissues.		GO:0031012|PMID:19048075|PMID:28126842|PMID:28137894|PMID:28807897|PMID:30962434	ECM									PLANA:0004503 | PLANA:0004504 | PLANA:0000214	sexually mature adult | asexual adult | juvenile								
PLANA:0002038	extracellular space	PLANA:0002038	extracellular space	UBERON:0000476	acellular anatomical structure	That part of a multicellular organism outside the cells proper, usually taken to be outside the plasma membranes, and occupied by fluid.		GO:0005615|PMID:21828097																			
PLANA:0002039	fission	PLANA:0002039	fission	PLANA:0002108	wound	A form of asexual reproduction resulting in self-amputation of posterior tissue, generating an anterior fragment and a fission fragment.																					
PLANA:0002040	flagellum	PLANA:0002040	flagellum	PLANA:0000501	cell projection	Planarian undulipodia consisting of spermatazoa cell posterior protrusions. Planarian spermatozoa contain two flagella and are composed of 9 + 1 axonemal microtubule arrangements in their flagella (markedly different from the 9 + 2 structures generally observed in sperm of other animals).	PMID:4190073	PMID:29095551				PLANA:0000090	sperm											PLANA:0000090 | PLANA:0000027 	sperm | Smed sexual biotype		
PLANA:0002041	gap junction	PLANA:0002041	gap junction	PLANA:0000507	cell-cell junction	A cell-cell junction composed of pannexins or innexins and connexins, two different families of channel-forming proteins.		GO:0005921|PMID:17670787|PMID:22125640																			
PLANA:0002042	genital atrium	PLANA:0002042	genital atrium	UBERON:0002553	anatomical cavity	A chamber where egg capsules are formed. One or more zygotes and yolk cells produced by the vitelline glands collect in the genital atrium; glands surrounding the genital atrium produce the egg capsule shell.	PMID: 22074376		female antrum			PLANA:0000232	copulatory apparatus			PLANA:0000214	juvenile	PLANA:0000214 | PLANA:0004503 | PLANA:0004504	juvenile | sexually mature adult | asexual adult			PLANA:0004527 | PLANA:0000142	copulatory region | posterior compartment of whole animal	PLANA:0000027	Smed sexual biotype		
PLANA:0002043	germ cell cyst	PLANA:0002043	germ cell cyst	PLANA:0000037	defintive tissue 	A clonally-related group of interconnected spermatogonial or oogonial cells, enveloped by somatic gonadal cells.	PMID:17376870 	PMID:17376870|PMID:22318224 	germ cell cluster			PLANA:0000217 | PLANA:0000208	ovary | testis			PLANA:0000214	juvenile	PLANA:0000214 | PLANA:0004503 | PLANA:0004504	juvenile | sexually mature adult | asexual adult					PLANA:0000027	Smed sexual biotype		
PLANA:0002044	germline stem cell	PLANA:0002044	germline stem cell	PLANA:0000121	stem cell	Stem cell that is the precursor of gametes.		FBbt:00004861|PMID:16344473|PMID:17376870|PMID:17390146|PMID:18456843|PMID:19247960|PMID:20215344|PMID:20844018|PMID:22074376|PMID:22252538|PMID:22318224|PMID:22385657|PMID:22543868|PMID:23652002|PMID:24173799|PMID:24367277|PMID:25278423|PMID:27013241|PMID:28434803|PMID:28812561|https://doi.org/10.1101/279364	germ cell|germ stem cell|germline cell			PLANA:0000217 | PLANA:0000208	ovary | testis	PLANA:0000429	neoblast compartment			PLANA:0000214 | PLANA:0004503 | PLANA:0004504	juvenile | sexually mature adult | asexual adult								
PLANA:0002045	glycogen granule	PLANA:0002045	glycogen granule	MICRO:0000215	intracellular granule 	Cytoplasmic bead-like structures of animal cells, visible by electron microscope. Each granule is a functional unit with the biosynthesis and catabolism of glycogen being catalyzed by enzymes bound to the granule surface.		GO:0042587|PMID:30608231																			
PLANA:0002046	incision	PLANA:0002046	incision	PLANA:0002026	cut	A breach of the epidermis made with a defined edge or point.																					
PLANA:0002047	inner pharynx epidermal cell	PLANA:0002047	inner pharynx epidermal cell	PLANA:0002032	epidermal cell	Epithelial cells lining the inside of the pharynx. In Smed, distally located cells are heavily ciliated.	ISBN:9780070316607	PMID:20511647				PLANA:0004528	pharynx epithelium					PLANA:0000214 | PLANA:0004503 | PLANA:0004504	juvenile | sexually mature adult | asexual adult			PLANA:0000420 | PLANA:0000142 | PLANA:0007505 	parapharyngeal region | posterior compartment of whole animal | ventral compartment				
PLANA:0002047	inner pharynx epidermal cell	PLANA:0002047	inner pharynx epidermal cell	PLANA:0000106	ciliated epithelial cell	Epithelial cells lining the inside of the pharynx. In Smed, distally located cells are heavily ciliated.	ISBN:9780070316607	PMID:20511647				PLANA:0004528	pharynx epithelium					PLANA:0000214 | PLANA:0004503 | PLANA:0004504	juvenile | sexually mature adult | asexual adult			PLANA:0000420 | PLANA:0000142 | PLANA:0007505 	parapharyngeal region | posterior compartment of whole animal | ventral compartment				
PLANA:0002048	inner zone of gland cells	PLANA:0002048	inner zone of gland cells	PLANA:0000037	definitive tissue 	Gland or secretory cells sandwiched between muscle and epidermal layers in the pharynx.	ISBN:9780070316607					PLANA:0000016	definitive pharynx					PLANA:0000214 | PLANA:0004503 | PLANA:0004504	juvenile | sexually mature adult | asexual adult			PLANA:0000420 | PLANA:0000142 | PLANA:0007505	parapharyngeal region | posterior compartment of whole animal | ventral compartment				
PLANA:0002049	intercellular junction	PLANA:0002049	intercellular junction	PLANA:0000507	cell-cell junction	A cell junction that forms a connection between two or more cells in a multicellular organism; excludes direct cytoplasmic junctions such as ring canals.		GO:0005911																			
PLANA:0002050	linear amputation	PLANA:0002050	linear amputation	PLANA:0002003	amputation	An amputation performed with a transverse, oblique or longitudinal cut.																					
PLANA:0002051	linear incision	PLANA:0002051	linear incision	PLANA:0002046	incision	A breach of the epidermis and optionally down into other structures though an insult with a knife or other instrument, such that the movement includes the z direction and one or more of the x y direction.			scratch																		
PLANA:0002052	lipid droplet	PLANA:0002052	lipid droplet	PLANA:0000519	intracellular non-membrane-bounded organelle	An intracellular non-membrane-bounded organelle comprising a matrix of coalesced lipids surrounded by a phospholipid monolayer. May include associated proteins.		GO:0005811|PMID:30608231|https://doi.org/10.1101/279364																			
PLANA:0002053	lumen 	PLANA:0002053	lumen 	UBERON:0002553	anatomical cavity	The cavity or channel within a tube or tubular organ such as a blood vessel or the intestine.		NCIT:C94478																			
PLANA:0002054	marginal adhesive zone	PLANA:0002054	marginal adhesive zone	BSPO:0000086	anatomical compartment 	Zone present along the lateral dorsoventral boundary that sits just underneath the animal, in contact with substrates. It is comprised of bunches of adhesion gland cells whose terminal pores form pore rosettes through the dorsal ventral boundary epidermis.This region of is devoid of rhabdites.	ISBN:9780070316607	PMID:20865784										PLANA:0000214 | PLANA:0004503 | PLANA:0004504	juvenile | sexually mature adult | asexual adult								
PLANA:0002055	mechanosensory neuron	PLANA:0002055	mechanosensory neuron	PLANA:0000552	sensory neuron	Any neuron that is capable of some detection of mechanical stimulus involved in sensory perception.		FBbt:00005919|PMID:25725068|PMID:28216315	mechanosensory cell			PLANA:0000125 | PLANA:0000080	sensory system | peripheral nervous system 					PLANA:0000214 | PLANA:0004503 | PLANA:0004504	juvenile | sexually mature adult | asexual adult								
PLANA:0002056	medial muscle cell	PLANA:0002056	medial muscle cell	PLANA:0000101	muscle cell	Subset of dorsal-ventral muscle cells located in the medial body region.	PMID:30962434	PMID:29674431				PLANA:0000079	parenchymal musculature					PLANA:0000214 | PLANA:0004503 | PLANA:0004504	juvenile | sexually mature adult | asexual adult								
PLANA:0002057	meiotic germ cell	PLANA:0002057	meiotic germ cell	PLANA:0000227	germ cell	A germ cell undergoing meiosis.		PMID:27330085								PLANA:0000214	juvenile	PLANA:0000214 | PLANA:0004503 	juvenile | sexually mature adult 					PLANA:0000027	Smed sexual biotype		
PLANA:0002058	melanosome	PLANA:0002058	melanosome	PLANA:0000527	intracellular membrane-bounded organelle	A tissue-specific, membrane-bounded cytoplasmic organelle within which melanin pigments are synthesized and stored. Melanosomes are synthesized in melanocyte cells.	GO:0042470	GO:0042470				PLANA:0000031	pigment cup cell					PLANA:0000214 | PLANA:0004503 	juvenile | sexually mature adult 			PLANA:0000418 | PLANA:0007506 | PLANA:0007504 	head | anterior compartment | dorsal compartment 				
PLANA:0002059	mucus	PLANA:0002059	mucus	UBERON:0000476	acellular anatomical structure	A secreted, mucin-rich extracellular substance coating the epidermal surface of the animal implicated in gliding locomotion, substrate adhesion, innate immunity and predator avoidance.	PMID:22653920	PMID:21282632				PLANA:0000484	secretory system														
PLANA:0002060	nephridiopore	PLANA:0002060	nephridiopore	PLANA:0002079	pore	the external opening and terminus of a protonephridia made by a terminal cell.		ISBN:9780070316607|PMID:21828097				PLANA:0000065	flame cell 														
PLANA:0002061	neurite	PLANA:0002061	neurite	PLANA:0000501	cell projection	Cell appendage of the neuron which includes the axon and the dendrite.		FMA:61814|ISBN:9780070316607|PMID:27612382|PMID:29547123	neuronal process			PLANA:0000099	neuron											PLANA:0000099	neuron		
PLANA:0002062	neuropeptidergic neuron	PLANA:0002062	neuropeptidergic neuron	PLANA:0000099	neuron	A neuron that produces and releases neuropeptides at chemical synapses.	PMID:24173799	PMID:24173799|PMID:25356635|PMID:27163480	cns peptidergic cell|peptidergic neuron			PLANA:0000493	nervous system					PLANA:0000214 | PLANA:0004503 | PLANA:0004504	juvenile | sexually mature adult | asexual adult								
PLANA:0002063	non-ciliated epidermis	PLANA:0002063	non-ciliated epidermis	PLANA:0000034	definitive epidermis	Differentiating, immature epidermal cells lacking cilia.	PMID:26457503	PMID:28292427				PLANA:0004529	integumental system 					PLANA:0000214 | PLANA:0004503 | PLANA:0004504	juvenile | sexually mature adult | asexual adult			PLANA:0000420 | PLANA:0000419 | PLANA:0000418 | PLANA:0000421 | PLANA:0004527 | PLANA:0007506 | PLANA:0000142 | PLANA:0007504 | PLANA:0007505 | PLANA:0007545	parapharyngeal region | prepharyngeal region | head | tail  | copulatory region | anterior compartment | posterior compartment of whole animal | dorsal compartment | ventral compartment | epidermal compartment				
PLANA:0002064	nuclear envelope	PLANA:0002064	nuclear envelope	PLANA:0000522	membrane part 	The double lipid bilayer enclosing the nucleus and separating its contents from the rest of the cytoplasm; includes the intermembrane space, a gap of width 20-40 nm (also called the perinuclear space).		GO:0005635|https://doi.org/10.1101/279364																			
PLANA:0002065	nuclear inner membrane	PLANA:0002065	nuclear inner membrane	PLANA:0000522	membrane part 	"
The inner, i.e. lumen-facing, lipid bilayer of the nuclear envelope."	GO:0005637	GO:0005637	inner leaflet 																		
PLANA:0002066	nuclear lumen	PLANA:0002066	nuclear lumen	PLANA:0000532	nuclear part 	The volume enclosed by the nuclear inner membrane.	GO:0031981	GO:0031981																			
PLANA:0002067	nuclear outer membrane	PLANA:0002067	nuclear outer membrane	PLANA:0000522	membrane part 	The outer, i.e. cytoplasm-facing, lipid bilayer of the nuclear envelope; continuous with the endoplasmic reticulum of the cell and sometimes studded with ribosomes.	GO:0005640	GO:0005640	outer leaflet 																		
PLANA:0002068	nuclear periphery	PLANA:0002068	nuclear periphery	PLANA:0000532	nuclear part 	The portion of the nuclear lumen proximal to the inner nuclear membrane.		GO:0034399|PMID:25404302																			
PLANA:0002069	ommochrome pigment cell	PLANA:0002069	ommochrome pigment cell	PLANA:0002075	pigment cell 	Parenchymal cells that synthesize and contain brown ommonchrome pigment.	PMID:27240733		non-melanin pigment cell									PLANA:0000214 | PLANA:0004503 | PLANA:0004504	juvenile | sexually mature adult | asexual adult			PLANA:0000420 | PLANA:0000419 | PLANA:0000418 | PLANA:0000421 | PLANA:0007554 | PLANA:0004527 | PLANA:0007506 | PLANA:0000142 | PLANA:0007504 | PLANA:0007505	parapharyngeal region | prepharyngeal region | head | tail | parenchymal compartment | copulatory region | anterior compartment | posterior compartment of whole animal | dorsal compartment | ventral compartment 				
PLANA:0002070	optic nerve	PLANA:0002070	optic nerve	PLANA:0000541	nerve 	A neuron projection bundle that connects the retina or its analog in the eye with the brain. This includes the vertebrate optic nerve (not truly a nerve) as well as analogous structures such as the Bolwig nerve in Drosophila		PMID:27800171|UBERON:0004904				PLANA:0000493 | PLANA:0000124	nervous system | visual system					PLANA:0000214 | PLANA:0004503 | PLANA:0004504	juvenile | sexually mature adult | asexual adult			PLANA:0000418 | PLANA:0007506 | PLANA:0007504 	head | anterior compartment | dorsal compartment 				
PLANA:0002071	outer pharynx epidermal cell	PLANA:0002071	outer pharynx epidermal cell	PLANA:0002032	epidermal cell	Heavily ciliated, insunk epithelial cells bounding the outside of the pharynx. Outer pharynx epithelial cell nuclei are positioned beneath the pharynx musculature.	ISBN:9780070316607	PMID:20511647				PLANA:0004528	pharynx epithelium					PLANA:0000005 | PLANA:0000006 | PLANA:0000007 | PLANA:0000008 | PLANA:0000214 | PLANA:0004503 | PLANA:0004504	Stage 5 | Stage 6 | Stage 7 | Stage 8 | juvenile | sexually mature adult | asexual adult								
PLANA:0002071	outer pharynx epidermal cell	PLANA:0002071	outer pharynx epidermal cell	PLANA:0000106	ciliated epithelial cell	Heavily ciliated, insunk epithelial cells bounding the outside of the pharynx. Outer pharynx epithelial cell nuclei are positioned beneath the pharynx musculature.	ISBN:9780070316607	PMID:20511647				PLANA:0004528	pharynx epithelium					PLANA:0000005 | PLANA:0000006 | PLANA:0000007 | PLANA:0000008 | PLANA:0000214 | PLANA:0004503 | PLANA:0004504	Stage 5 | Stage 6 | Stage 7 | Stage 8 | juvenile | sexually mature adult | asexual adult								
PLANA:0002073	phagocytic cell	PLANA:0002073	phagocytic cell	PLANA:0000119	terminally differentiated cell	A cell that engulfs large particles or cells via invagination of the plasma membrane and creation of a phagosome.		ISBN:9780070316607|PMID:25956527|PMID:27501047|PMID:30471994	phagocyte																		
PLANA:0002074	pharynx tip	PLANA:0002074	pharynx tip	PLANA:0000037	definitive tissue 	The distal-most end of the pharnyx containing an opening to the pharynx lumen.						PLANA:0000016	definitive pharynx					PLANA:0000214 | PLANA:0004503 | PLANA:0004504	juvenile | sexually mature adult | asexual adult					PLANA:0000016	definitive pharynx		
PLANA:0002075	pigment cell	PLANA:0002075	pigment cell	PLANA:0000119	terminally differentiated cell	A pigment cell is a cell that contains pigment granules.		CL:0000147|PMID:26618653	pigment producing cell|pigmented cell																		
PLANA:0002076	pigment granule	PLANA:0002076	pigment granule	PLANA:0000526	membrane-bounded organelle	A small, subcellular membrane-bounded vesicle containing pigment and/or pigment precursor molecules. Pigment granule biogenesis is poorly understood, as pigment granules are derived from multiple sources including the endoplasmic reticulum, coated vesicles, lysosomes, and endosomes.		GO:0048770|ISBN:9780070316607|PMID:27551436				PLANA:0002075	pigment cell														
PLANA:0002077	plug amputation	PLANA:0002077	plug amputation	PLANA:0002003	amputation	An amputation of tissue, usually though the whole depth of the animal encompassing both dorsal and ventral sides, often made with a biopsy punch. 																					
PLANA:0002078	point incision	PLANA:0002078	point incision	PLANA:0002046	incision	A breach of the epidermis made with a defined edge or point.			poke																		
PLANA:0002079	pore	PLANA:0002079	pore	UBERON:0002553	anatomical cavity	An anatomical space that is an opening, usually at the end of a canal or duct, on the surface of the integument or the lining of an internal anatomical space.		UBERON:0008915																			
PLANA:0002080	post-meiotic germ cell	PLANA:0002080	post-meiotic germ cell	PLANA:0000227	germ cell	A haploid gamete undergoing terminal differentiation.						PLANA:0000208 | PLANA:0000204	testis | ovary	PLANA:0002082	premeiotic germ cell 			PLANA:0004503 	sexually mature adult					PLANA:0000027	Smed sexual biotype		
PLANA:0002081	postsynaptic cell	PLANA:0002081	postsynaptic cell	PLANA:0000499	cell	A specialized area of membrane facing the presynaptic membrane on the tip of the nerve ending and separated from it by a minute cleft (the synaptic cleft). Neurotransmitters cross the synaptic cleft and transmit the signal to the postsynaptic membrane.		GO:0045211|PMID:24950970	post-synaptic cell			PLANA:0000025	nervous system 					PLANA:0000214 | PLANA:0004503 | PLANA:0004504	juvenile | sexually mature adult | asexual adult								
PLANA:0002082	premeiotic germ cell	PLANA:0002082	premeiotic germ cell	PLANA:0000227	germ cell	A diploid germline stem cell or transit amplifying germ cell that has not committed to undergoing meiotic DNA replication, reductive divisions or terminal differentiation. 						PLANA:0000208 | PLANA:0000204	testis | ovary					PLANA:0000214 | PLANA:0004503 | PLANA:0004504	juvenile | sexually mature adult | asexual adult								
PLANA:0002083	presynaptic cell	PLANA:0002083	presynaptic cell	PLANA:0000099	neuron	The part of a synapse that is part of the presynaptic cell.		GO:0098793|PMID:24950970	pre-synaptic cell			PLANA:0000025	nervous system 					PLANA:0000214 | PLANA:0004503 | PLANA:0004504	juvenile | sexually mature adult | asexual adult								
PLANA:0002084	presynaptic terminal	PLANA:0002084	presynaptic terminal	PLANA:0000500	cell part 	Terminal inflated portion of the axon, containing the specialized apparatus necessary to release neurotransmitters. The axon terminus is considered to be the whole region of thickening and the terminal bouton is a specialized region of it.		GO:0043195|PMID:23903188	pre-synaptic terminal			PLANA:0002083	presynaptic cell														
PLANA:0002085	presynaptic vesicle	PLANA:0002085	presynaptic vesicle	PLANA:0000526	membrane-bounded organelle	A secretory organelle, typically 50 nm in diameter, of presynaptic nerve terminals; accumulates in high concentrations of neurotransmitters and secretes these into the synaptic cleft by fusion with the 'active zone' of the presynaptic plasma membrane.		GO:0008021|PMID:23903188	pre-synaptic vesicle			PLANA:0002083	presynaptic cell														
PLANA:0002086	primary gut branch	PLANA:0002086	primary gut branch	PLANA:0002119	gut branch 	The largest branch of the triclad intestine. It is comprised of the gastrodermis, a columnar epithelium, surrounded by basal lamina and visceral musculature.	PMID:21664348	PMID:17553481|PMID:20865784|PMID:27122174|PMID:28137894|PMID:29674431	main gut branch|primary intestine branch			PLANA:0000026	definitive gut 					PLANA:0000214 | PLANA:0004503 | PLANA:0004504	juvenile | sexually mature adult | asexual adult								
PLANA:0002087	primitive gut	PLANA:0002087	primitive gut	PLANA:0002120	extraembryonic organ	Four large phagocytic cells associated with the temporary embryonic pharynx.	PMID:28072387	PMID:28072387	primitive endoderm			PLANA:0000058	embryonic digestive system			PLANA:0000003	Stage 3 	PLANA:0000003 | PLANA:0000004 | PLANA:0000005	Stage 3 | Stage 4 | Stage 5	PLANA:0000006	Stage 6 	PLANA:0000076 	oral hemisphere	PLANA:0000027 | PLANA:0000116	Smed sexual biotype | embryo		
PLANA:0002088	quarternary gut branch	PLANA:0002088	quarternary gut branch	PLANA:0002119	gut branch 	Gut branches originating from and connected to the tertiary gut branches.	PMID:21664348					PLANA:0000026	definitive gut 					PLANA:0000214 | PLANA:0004503 | PLANA:0004504	juvenile | sexually mature adult | asexual adult								
PLANA:0002089	reproductive organ	PLANA:0002089	reproductive organ	PLANA:0000431	organ	An organ involved in reproduction		PMID:16344473|PMID:17376870|PMID:20844018|PMID:22074376|PMID:25278423|PMID:27074666|UBERON:0003133|https://doi.org/10.1101/279364				PLANA:0000126	reproductive system			PLANA:0000214 	juvenile 	PLANA:0000214 | PLANA:0004503	juvenile | sexually mature adult 					PLANA:0000027	Smed sexual biotype		
PLANA:0002090	reproductive structure	PLANA:0002090	reproductive structure	UBERON:0000061	anatomical struture	Any anatomical structure that is part of the reproductive system.		PMID:17376870|UBERON:0005156								PLANA:0000214 	juvenile 	PLANA:0000214 | PLANA:0004503	juvenile | sexually mature adult 					PLANA:0000027	Smed sexual biotype		
PLANA:0002091	rhabdome	PLANA:0002091	rhabdome	PLANA:0000037	definitive tissue	The light sensing structure consisting of photoreceptor neuron dendrites that project into the optic lumen and show close associations with eumelanin-containing pigment cup cells.	PMID:15760337|PMID:16033796|PMID:21852957	PMID:26017970				PLANA:0000036	eye					PLANA:0000214 | PLANA:0004503 | PLANA:0004504	juvenile | sexually mature adult | asexual adult			PLANA:0000418 | PLANA:0007506 | PLANA:0007504 	head | anterior compartment | dorsal compartment 				
PLANA:0002092	rhabdomere	PLANA:0002092	rhabdomere	PLANA:0000501	cell projection	The dendritic process of a bipolar photoreceptor neuron that projects into the optic cup lumen and senses light.	PMID:15760337|PMID:16033796|PMID:21852957	PMID:16033796|PMID:18202849|PMID:20865784|PMID:21282632|PMID:21852957|PMID:22445864|PMID:25772472|PMID:26618653|PMID:27800171				PLANA:0000017	photoreceptor neuron					PLANA:0000214 | PLANA:0004503 | PLANA:0004504	juvenile | sexually mature adult | asexual adult			PLANA:0000418 | PLANA:0007506 | PLANA:0007504 	head | anterior compartment | dorsal compartment 				
PLANA:0002093	secretory duct	PLANA:0002093	secretory duct	PLANA:0000037	definitive tissue	A tubular structure that transports secreted or excreted substances.		PMID:30383829|UBERON:0000058	secretory canal			PLANA:0000484	secretory system					PLANA:0000214 | PLANA:0004503 | PLANA:0004504	juvenile | sexually mature adult | asexual adult								
PLANA:0002094	secretory granule	PLANA:0002094	secretory granule	PLANA:0000526	membrane-bounded organelle	A small subcellular vesicle, surrounded by a membrane, that is formed from the Golgi apparatus and contains a highly concentrated protein destined for secretion. Secretory granules move towards the periphery of the cell and upon stimulation, their membranes fuse with the cell membrane, and their protein load is exteriorized. Processing of the contained protein may take place in secretory granules.		GO:0030141|PMID:29100657				PLANA:0000105	secretory cell														
PLANA:0002095	somatic cell	PLANA:0002095	somatic cell	PLANA:0000499	cell	One of the cells of the body that compose the tissues, organs, and parts of that individual other than the germ cells.		BTO:0001268|PMID:20599901|PMID:21852957|PMID:22074376|PMID:22371573|PMID:22385657|PMID:25404302|PMID:27606067|PMID:28757112										PLANA:0000214 | PLANA:0004503 | PLANA:0004504	juvenile | sexually mature adult | asexual adult								
PLANA:0002096	somatic gonadal cell	PLANA:0002096	somatic gonadal cell	PLANA:0000119	terminally differentiated cell	A non-germline cell within the ovary or testis.	PMID:27163480|PMID:27330085	PMID:27163480|PMID:27330085	gonadal niche cell|somatic gonadal niche cell|somatic gonadal support cell			PLANA:0000217	gonad											PLANA:0000027	Smed sexual biotype		
PLANA:0002096	somatic gonadal cell	PLANA:0002096	somatic gonadal cell	PLANA:0002095	somatic cell 	A non-germline cell within the ovary or testis.	PMID:27163480|PMID:27330085	PMID:27163480|PMID:27330085	gonadal niche cell|somatic gonadal niche cell|somatic gonadal support cell			PLANA:0000217	gonad											PLANA:0000027	Smed sexual biotype		
PLANA:0002097	specialized neoblast	PLANA:0002097	specialized neoblast	PLANA:0000120	progenitor cell	A presumptive progenitor cell that expresses both pan-neoblast markers and pro-differentiation gene(s), frequently developmental transcription factors, implicated in lineage commitment and tissue-specific differentiation programs.	PMID:23404104	PMID:25254346|PMID:26651295|PMID:27542689|PMID:29674432|PMID:30962434				PLANA:0000429	neoblast compartment					PLANA:0000214 | PLANA:0004503 | PLANA:0004504	juvenile | sexually mature adult | asexual adult								
PLANA:0002098	stalk	PLANA:0002098	stalk	UBERON:0000476	acellular anatomical structure	A thin, flexible rod that anchors an egg capsule to a solid substrate.	ISBN:9780070316607	ISBN:9780070316607				PLANA:0000216	egg capsule														
PLANA:0002099	surgical wound	PLANA:0002099	surgical wound	PLANA:0002108	wound	A wound produced by non-autonomous physical means. 																					
PLANA:0002100	synapse	PLANA:0002100	synapse	PLANA:0000507	cell-cell junction	The junction between a nerve fiber of one neuron and another neuron, muscle fiber or glial cell. As the nerve fiber approaches the synapse it enlarges into a specialized structure, the presynaptic nerve ending, which contains mitochondria and synaptic vesicles. At the tip of the nerve ending is the presynaptic membrane; facing it, and separated from it by a minute cleft (the synaptic cleft) is a specialized area of membrane on the receiving cell, known as the postsynaptic membrane. In response to the arrival of nerve impulses, the presynaptic nerve ending secretes molecules of neurotransmitters into the synaptic cleft. These diffuse across the cleft and transmit the signal to the postsynaptic membrane.		GO:0045202|PMID:18202849|PMID:18287199|PMID:21282632	neural synapse|neuronal synapse			PLANA:0000099	neuron														
PLANA:0002101	synaptic cleft	PLANA:0002101	synaptic cleft	PLANA:0002038	extracellular space	The narrow gap that separates the presynaptic and postsynaptic membranes, into which neurotransmitter is released.		GO:0043083|PMID:23903188				PLANA:0000540 | PLANA:0000539 | PLANA:0000099	electrically signalling cell | electrically responsive cell | neuron														
PLANA:0002102	synaptic vesicle	PLANA:0002102	synaptic vesicle	PLANA:0000526	membrane-bounded organelle	A secretory organelle, typically 50 nm in diameter, of presynaptic nerve terminals; accumulates in high concentrations of neurotransmitters and secretes these into the synaptic cleft by fusion with the 'active zone' of the presynaptic plasma membrane.		GO:0008021|PMID:24950970				PLANA:0000099	neuron														
PLANA:0002103	synaptonemal complex	PLANA:0002103	synaptonemal complex	PLANA:0002123	chromosomal_structural_element	A proteinaceous scaffold found between homologous chromosomes during meiosis. It consists of 2 lateral elements and a central element, all running parallel to each other. Transverse filaments connect the lateral elements to the central element.		GO:0000795|PMID:25404302				PLANA:0000529	nucleus											PLANA:0002057 | PLANA:0000027	meiotic germ cell | Smed sexual biotype		
PLANA:0002104	tail tip	PLANA:0002104	tail tip	PLANA:0000109	anatomical compartment subdivision feature	The posterior-medial region of the tail margin.												PLANA:0000214 | PLANA:0004503 | PLANA:0004504	juvenile | sexually mature adult | asexual adult			PLANA:0000142 | PLANA:0000421	posterior compartment of whole animal | tail				
PLANA:0002105	telomere	PLANA:0002105	telomere	PLANA:0002121	chromosome_part	The terminal region of a linear chromosome that includes the telomeric DNA repeats and associated proteins.		GO:0000781|PMID:22371573|PMID:25404302|https://doi.org/10.1101/279364				PLANA:0002022	chromosome arm														
PLANA:0002106	tight junction	PLANA:0002106	tight junction	PLANA:0000507	cell-cell junction	A cell-cell junction that seals cells together in an epithelium in a way that prevents even small molecules from leaking from one side of the sheet to the other.		GO:0070160				PLANA:0002118	epithelium														
PLANA:0002107	wedge amputation	PLANA:0002107	wedge amputation	PLANA:0002003	amputation	A piece of tissue removed from the lateral margin at any given point that extendes interiorly to more medial structures. 																					
PLANA:0002108	wound	PLANA:0002108	wound	PLANA:0002122	insult	An injury that breaches the epidermis.			injury																		
PLANA:0002109	X1 cell	PLANA:0002109	X1 cell	PLANA:0002138	FACS sorted cell population	A sorted cell population enriched for irradiation-sensitive, cycling cells (4n cells, with high levels of Hoescht 33342 staining) with scant cytoplasm (low levels of calcein-AM staining). X1 cells are enriched for cycling neoblasts.	PMID:16872450	PMID:17670787|PMID:18456843|PMID:18786419|PMID:19048075|PMID:20215344|PMID:20223763|PMID:21937596|PMID:22385657|PMID:22427692|PMID:22543868|PMID:22549959|PMID:23235145|PMID:23629965|PMID:24120894|PMID:24367277|PMID:24992682|PMID:25254346|PMID:25558068|PMID:25956527|PMID:26114597|PMID:26457503|PMID:26711341|PMID:27013241|PMID:27068018|PMID:27150006|PMID:27502555|PMID:27523733|PMID:27551436|PMID:28137894|PMID:29100657|PMID:29557542|PMID:29674432|PMID:29906446|PMID:30194301	X1|X1 cell population|X1 neoblast|X1 population																		
PLANA:0002110	X1(FS) cell	PLANA:0002110	X1(FS) cell	PLANA:0002138	FACS sorted cell population	A heterogeneous sorted cell population of unstained planarian cells with similar size and complexity to irradiation-sensitive, cycling cells contained in the X1 gate. Unlike X1 cells, X1(FS) cells are amenable to cell transplantation.	PMID:21566185	PMID:21566185																			
PLANA:0002111	X2 cell	PLANA:0002111	X2 cell	PLANA:0002138	FACS sorted cell population	A sorted cell population containing irradiation-sensitive and irradiation-insensitive cells, characterized by weak Hoescht 33342 and calcein-AM staining. X2 cell populations contain neoblasts as well as a variety of lineage-dedicated post-mitotic progenitor cells.	PMID:16872450	PMID:18786419|PMID:19048075|PMID:20215344|PMID:20223763|PMID:22427692|PMID:22543868|PMID:23629965|PMID:24367277|PMID:25017721|PMID:27013241|PMID:27150006|PMID:27502555|PMID:27606067|PMID:27864883|PMID:28137894|PMID:29674432																			
PLANA:0002112	Xins cell	PLANA:0002112	Xins cell	PLANA:0002138	FACS sorted cell population	A sorted cell population of irradiation-insensitive cells that contains a variety of post-mitotic, differentiated cell types.	PMID:16872450	PMID:17670787|PMID:18456843|PMID:18786419|PMID:19048075|PMID:20215344|PMID:20223763|PMID:22427692|PMID:22479207|PMID:22543868|PMID:23629965|PMID:24367277|PMID:24992682|PMID:25558068|PMID:25956527|PMID:26114597|PMID:26457503|PMID:26711341|PMID:27013241|PMID:27502555|PMID:29100657|PMID:29674432|PMID:29906446|PMID:30194301	Xins|Xins cell population																		
PLANA:0002113	post-pharyngeal region	PLANA:0002113	post-pharyngeal region	PLANA:0000102	anatomical compartment subdivision	Posterior to the pharynx.			postpharyngeal region | post pharyngeal | post-pharyngeal 									PLANA:0000214 | PLANA:0004503 | PLANA:0004504	juvenile | sexually mature adult | asexual adult			PLANA:0000142	posterior compartment of whole animal 				
PLANA:0002114	post-blastema region	PLANA:0002114	post-blastema region	BSPO:0000070	anatomical region	Adjacent to blastema, or proximal to blastema.			post-blastema | postblastema | postblastema region																		
PLANA:0002116	fission fragment	PLANA:0002116	fission fragment	UBERON:0007567	regenerating anatomical structure	A fragment derived from a spontaneous or induced fission event.																					
PLANA:0002117	oblique	PLANA:0002117	oblique	FBcv:0000052	spacial qualifier	Slanting or inclined in direction or course or position; neither parallel nor perpendicular nor right-angular.	NCIT:C73707	NCIT:C73707																			
PLANA:0002118	epithelium	PLANA:0002118	epithelium	PLANA:0000037	definitive tissue 	The avascular cellular layers that cover body surfaces and cavities and may form glands.	NCIT:C12710	NCIT:C12710																			
PLANA:0002119	gut branch 	PLANA:0002119	gut branch 	PLANA:0000037	definitive tissue 	The triclad planarian gut is serially bifrucated into connected lumens where each bifrucation is a branch.						PLANA:0000026	definitive gut 					PLANA:0000214 | PLANA:0004503 | PLANA:0004504	juvenile | sexually mature adult | asexual adult								
PLANA:0002120	extraembryonic organ	PLANA:0002120	extraembryonic organ	PLANA:0000431	organ	Organ that is associated with an embryo and derived from the zygote from which it develops, but which does not contribute to the embryo proper or to structures that are part of the same organism after embryogenesis.						PLANA:0000116	embryo											PLANA:0000116 | PLANA:0000027	embryo | Smed sexual biotype		
PLANA:0002121	chromosome_part	PLANA:0002121	chromosome_part	PLANA:0000532	nuclear part	This is a manufactured term, that serves the purpose of allow the parts of a chromosome to have an is_a path to the root.	SO:0000830	SO:0000830				PLANA:0002021	chromosome														
PLANA:0002122	perturbation	PLANA:0002122	perturbation	UBERON:0000465	material anatomical entity	An event or occurrence that causes damage to a tissue or organ.			insult																		
PLANA:0002123	chromosomal_structural_element	PLANA:0002123	chromosomal_structural_element	PLANA:0002121	chromosome_part	structural element of a chromosome, for example, a telomere and a centromere		SO:0000628	chromosomal structural element																		
PLANA:0002124	longitudinal	PLANA:0002124	longitudinal	FBcv:0000052	spacial qualifier	Running lengthwise	NCIT:C25242	NCIT:C25242																			
PLANA:0002125	thick	PLANA:0002125	thick	PLANA:0002127	general qualifier	Wide in width, extent or cross-section.	NCIT:C81186	NCIT:C81186																			
PLANA:0002126	thin	PLANA:0002126	thin	PLANA:0002127	general qualifier	Narrow in width, extent or cross-section.	NCIT:C65127	NCIT:C65127																			
PLANA:0002127	general qualifier	PLANA:0002126	general qualifier	FBcv:0000005	qualifier	A term that helps define and render another concept unique.	NCIT:C27993	NCIT:C27993																			
PLANA:0002128	fragment	PLANA:0002128	fragment	UBERON:0007567	regenerating anatomical structure	A piece of tissue isolated from the body.			piece																		
PLANA:0002129	longitudinal region	PLANA:0002129	longitudinal region	BSPO:0000070	anatomical region	A region bounded by any sagittal plane though the animal and the left or right side of the animal. NOTE: sagittal plane is an anatomical plane that divides a bilateral body into left and right parts, not necessarily of even size																					
PLANA:0002130	chemical wound	PLANA:0002130	chemical wound	PLANA:0002108	wound	An intentional wound produced by non-autonomous chemical means.																					
PLANA:0002131	plug wound	PLANA:0002131	plug wound	PLANA:0002108	wound	A wound resulting from the removal of tissue, usually though the whole depth of the animal encompassing both dorsal and ventral sides, often made with a biopsy punch.																					
PLANA:0002132	wedge wound	PLANA:0002132	wedge wound	PLANA:0002108	wound	A wound resulting from the removal of a piece of tissue from the lateral margin at any given point that extends interiorly to more medial structures.																					
PLANA:0002133	regenerating fragment	PLANA:0002133	regenerating fragment	PLANA:0002128	fragment	A fragment that has undergone wound healing and is undergoing tissue replacement and morphallaxis. 																					
PLANA:0002134	sagittal orientation	PLANA:0002134	sagittal orientation	PATO:0005024	longitudinal orientation	An orientation quality inhering in a bearer by virtue of the bearer having a position that is in the sagittal plane. This plane runs longitudinally and is not necessarily medial.			longitudinal orientation																		
PLANA:0002135	parasagittal orientation	PLANA:0002135	parasagittal orientation	PLANA:0002134	sagittal orientation	An orientation quality inhering in a bearer by virtue of the bearer having a position that is in the parasagittal plane, which runs longitudinally, and is never medial.		PATO:0005023 																			
PLANA:0002136	syncytium	PLANA:0002136	syncytium	UBERON:0000061	anatomical structure 	An anatomical entity consisting of a single or a few multinucleated structures	PMID:27330085	AEO:0000203																			
PLANA:0002137	intracellular granule 	PLANA:0002137	intracellular granule 	PLANA:0000531	non-membrane-bounded organelle	Cytoplasmic part which forms a distinctive granular particle, which may or may not be visible using light microscopy.		MICRO:0000215																			
PLANA:0002138	FACS sorted cell population	PLANA:0002138	FACS sorted cell population	PLANA:0002139	derived cell population 	Any number of cells from dissociated planarian tissue sorted via a FACS sorter for any parameter.																					
PLANA:0002139	derived cell population	PLANA:0002139	derived cell population	UBERON:0000465	material anatomical entity	Cells isolated from dissociated planarian tissue. 																					
